{
    "value0": {
        "cereal_class_version": 0,
        "Nodes": [
            {
                "Transform": {
                    "value0": {
                        "value0": 0.0,
                        "value1": 0.0,
                        "value2": -0.8335144519805908,
                        "value3": 0.0
                    },
                    "value1": {
                        "value0": 0.8335144519805908,
                        "value1": 0.0,
                        "value2": 0.0,
                        "value3": 0.0
                    },
                    "value2": {
                        "value0": 0.0,
                        "value1": -0.8335144519805908,
                        "value2": 0.0,
                        "value3": 0.0
                    },
                    "value3": {
                        "value0": 0.0,
                        "value1": 0.0,
                        "value2": 0.0,
                        "value3": 1.0
                    }
                },
                "MeshAndMaterial": []
            },
            {
                "Transform": {
                    "value0": {
                        "value0": 0.0,
                        "value1": 0.0,
                        "value2": -0.8335144519805908,
                        "value3": 0.0
                    },
                    "value1": {
                        "value0": -2.98087996952745e-7,
                        "value1": 0.833514392375946,
                        "value2": 0.0,
                        "value3": 0.0
                    },
                    "value2": {
                        "value0": 0.833514392375946,
                        "value1": 2.98087996952745e-7,
                        "value2": 0.0,
                        "value3": 0.0
                    },
                    "value3": {
                        "value0": 0.0,
                        "value1": 0.0,
                        "value2": 0.0,
                        "value3": 1.0
                    }
                },
                "MeshAndMaterial": []
            },
            {
                "Transform": {
                    "value0": {
                        "value0": 0.0,
                        "value1": 0.0,
                        "value2": -0.8335144519805908,
                        "value3": 0.0
                    },
                    "value1": {
                        "value0": -2.98087996952745e-7,
                        "value1": 0.833514392375946,
                        "value2": 0.0,
                        "value3": 0.0
                    },
                    "value2": {
                        "value0": 0.833514392375946,
                        "value1": 2.98087996952745e-7,
                        "value2": 0.0,
                        "value3": 0.0
                    },
                    "value3": {
                        "value0": 0.0,
                        "value1": 0.0,
                        "value2": 0.0,
                        "value3": 1.0
                    }
                },
                "MeshAndMaterial": []
            },
            {
                "Transform": {
                    "value0": {
                        "value0": 0.0,
                        "value1": 0.0,
                        "value2": -0.8335144519805908,
                        "value3": 0.0
                    },
                    "value1": {
                        "value0": -2.98087996952745e-7,
                        "value1": 0.833514392375946,
                        "value2": 0.0,
                        "value3": 0.0
                    },
                    "value2": {
                        "value0": 0.833514392375946,
                        "value1": 2.98087996952745e-7,
                        "value2": 0.0,
                        "value3": 0.0
                    },
                    "value3": {
                        "value0": 0.0,
                        "value1": 0.0,
                        "value2": 0.0,
                        "value3": 1.0
                    }
                },
                "MeshAndMaterial": [
                    {
                        "first": 0,
                        "second": 0
                    }
                ]
            }
        ],
        "Meshes": [
            "assets\\models\\Gears\\meshes\\defaultMaterial.bin"
        ],
        "Materials": [
            {
                "cereal_class_version": 0,
                "Parameters": [
                    {
                        "key": "BASE_COLOUR",
                        "value": {
                            "index": 3,
                            "data": {
                                "value0": 1.0,
                                "value1": 1.0,
                                "value2": 1.0,
                                "value3": 1.0
                            }
                        }
                    },
                    {
                        "key": "BASE_TEXTURE",
                        "value": {
                            "index": 4,
                            "data": "assets\\models\\Gears\\textures\\material_0_baseColor.png"
                        }
                    },
                    {
                        "key": "DOUBLE_SIDED",
                        "value": {
                            "index": 0,
                            "data": true
                        }
                    },
                    {
                        "key": "EMISSIVE_TEXTURE",
                        "value": {
                            "index": 4,
                            "data": "assets\\models\\Gears\\textures\\Untitled.png"
                        }
                    },
                    {
                        "key": "METALLIC_TEXTURE",
                        "value": {
                            "index": 4,
                            "data": "assets\\models\\Gears\\textures\\Untitled3.png"
                        }
                    },
                    {
                        "key": "NEA_FACTOR",
                        "value": {
                            "index": 3,
                            "data": {
                                "value0": 1.0,
                                "value1": 1.0,
                                "value2": 0.5,
                                "value3": 0.0
                            }
                        }
                    },
                    {
                        "key": "NORMAL_TEXTURE",
                        "value": {
                            "index": 4,
                            "data": "assets\\models\\Gears\\textures\\material_0_normal.png"
                        }
                    },
                    {
                        "key": "OCCLUSION_TEXTURE",
                        "value": {
                            "index": 4,
                            "data": "assets\\models\\Gears\\textures\\material_0_metallicRoughness.png"
                        }
                    },
                    {
                        "key": "ORM_FACTORS",
                        "value": {
                            "index": 3,
                            "data": {
                                "value0": 1.0,
                                "value1": 1.0,
                                "value2": 1.0,
                                "value3": 0.0
                            }
                        }
                    }
                ]
            },
            {
                "Parameters": [
                    {
                        "key": "BASE_COLOUR",
                        "value": {
                            "index": 3,
                            "data": {
                                "value0": 1.0,
                                "value1": 1.0,
                                "value2": 1.0,